{"generated_at":"2025-09-11T21:16:13.503Z","timezone":"Pacific/Auckland","weekly":{"2025-37":{"distance_m":68710.5,"count":7},"2025-36":{"distance_m":96784.7,"count":11},"2025-35":{"distance_m":94104.5,"count":8},"2025-34":{"distance_m":87046.1,"count":7},"2025-33":{"distance_m":84634.5,"count":7},"2025-32":{"distance_m":49698,"count":6},"2025-31":{"distance_m":63817.2,"count":7},"2025-30":{"distance_m":96567,"count":11},"2025-29":{"distance_m":106209.59999999999,"count":11},"2025-28":{"distance_m":106109.99999999999,"count":11},"2025-27":{"distance_m":101859.2,"count":11},"2025-26":{"distance_m":91746.1,"count":11},"2025-25":{"distance_m":61766.799999999996,"count":5},"2025-24":{"distance_m":68986.3,"count":9},"2025-23":{"distance_m":87429.5,"count":10},"2025-22":{"distance_m":104620.30000000002,"count":12},"2025-21":{"distance_m":107351.70000000001,"count":11},"2025-20":{"distance_m":94395.40000000001,"count":8},"2025-19":{"distance_m":102367.6,"count":11},"2025-18":{"distance_m":100482.4,"count":9},"2025-17":{"distance_m":91193.8,"count":6},"2025-16":{"distance_m":88690.59999999999,"count":8},"2025-15":{"distance_m":91626.79999999999,"count":9},"2025-14":{"distance_m":90072.4,"count":9},"2025-13":{"distance_m":81806.5,"count":9},"2025-12":{"distance_m":79555.99999999999,"count":8},"2025-11":{"distance_m":72244.8,"count":6},"2025-10":{"distance_m":66264.5,"count":7},"2025-09":{"distance_m":57022.3,"count":6},"2025-08":{"distance_m":48833.799999999996,"count":6},"2025-07":{"distance_m":34096.600000000006,"count":4},"2025-06":{"distance_m":23437.800000000003,"count":2},"2025-05":{"distance_m":48372.7,"count":4},"2025-04":{"distance_m":12265.2,"count":1},"2025-03":{"distance_m":38960.2,"count":4},"2025-02":{"distance_m":35798.6,"count":4},"2024-52":{"distance_m":18232.9,"count":2},"2024-51":{"distance_m":28849.399999999998,"count":3},"2024-50":{"distance_m":30635,"count":4},"2024-49":{"distance_m":28491.1,"count":4},"2024-48":{"distance_m":27893.1,"count":3},"2024-47":{"distance_m":82909.3,"count":7},"2024-46":{"distance_m":69823.79999999999,"count":8},"2024-45":{"distance_m":73869.5,"count":8},"2024-44":{"distance_m":81896,"count":11},"2024-43":{"distance_m":103022.9,"count":11},"2024-42":{"distance_m":110831.29999999999,"count":11},"2024-41":{"distance_m":107284.90000000001,"count":11},"2024-40":{"distance_m":90275.4,"count":8},"2024-39":{"distance_m":65467,"count":10},"2024-38":{"distance_m":97547.90000000001,"count":11},"2024-37":{"distance_m":101478.5,"count":11},"2024-36":{"distance_m":85738.79999999999,"count":11},"2024-35":{"distance_m":91328.29999999999,"count":8},"2024-34":{"distance_m":97639.90000000001,"count":11},"2024-33":{"distance_m":85584.4,"count":6},"2024-32":{"distance_m":62079.3,"count":7},"2024-31":{"distance_m":94629.09999999999,"count":9},"2024-30":{"distance_m":75684.7,"count":6},"2024-29":{"distance_m":86489.3,"count":8},"2024-28":{"distance_m":91430.7,"count":8},"2024-27":{"distance_m":52352.99999999999,"count":4},"2024-26":{"distance_m":85774.1,"count":7},"2024-25":{"distance_m":82232.50000000001,"count":6},"2024-24":{"distance_m":88718.1,"count":6},"2024-23":{"distance_m":86996.2,"count":8},"2024-22":{"distance_m":76395.5,"count":5},"2024-21":{"distance_m":82869.5,"count":9},"2024-20":{"distance_m":57618.3,"count":4},"2024-19":{"distance_m":77498.5,"count":7},"2024-18":{"distance_m":75835.1,"count":6},"2024-17":{"distance_m":53160.700000000004,"count":6},"2024-16":{"distance_m":69047,"count":7},"2024-15":{"distance_m":74327.5,"count":6},"2024-14":{"distance_m":84208.4,"count":8},"2024-13":{"distance_m":81516.3,"count":7},"2024-12":{"distance_m":82607.99999999999,"count":7},"2024-11":{"distance_m":82468.7,"count":7},"2024-10":{"distance_m":81530.2,"count":7},"2024-09":{"distance_m":75355.6,"count":8},"2024-08":{"distance_m":78253.3,"count":11},"2024-07":{"distance_m":64230.00000000001,"count":11},"2024-06":{"distance_m":25261.000000000004,"count":8},"2024-05":{"distance_m":44154.899999999994,"count":7},"2024-04":{"distance_m":16570,"count":5},"2024-03":{"distance_m":65145.1,"count":7},"2024-02":{"distance_m":83148.8,"count":8},"2024-01":{"distance_m":74594.6,"count":5},"2023-52":{"distance_m":16190.7,"count":2},"2023-51":{"distance_m":71613.09999999999,"count":5},"2023-50":{"distance_m":76044.3,"count":6},"2023-49":{"distance_m":73285.8,"count":6},"2023-48":{"distance_m":77295.59999999999,"count":8},"2023-47":{"distance_m":76262.4,"count":8},"2023-46":{"distance_m":83646.1,"count":6},"2023-45":{"distance_m":83238.5,"count":7},"2023-44":{"distance_m":64734.9,"count":5},"2023-43":{"distance_m":56207,"count":7},"2023-42":{"distance_m":76512,"count":7},"2023-41":{"distance_m":86917.2,"count":12},"2023-40":{"distance_m":72122.7,"count":6},"2023-39":{"distance_m":51409.9,"count":6},"2023-38":{"distance_m":76830.7,"count":7},"2023-37":{"distance_m":76265.09999999999,"count":6},"2023-36":{"distance_m":62971,"count":6},"2023-35":{"distance_m":71869.3,"count":5},"2023-34":{"distance_m":56444.50000000001,"count":4},"2023-33":{"distance_m":8103,"count":1},"2023-32":{"distance_m":27810.299999999996,"count":5},"2023-31":{"distance_m":3514.7,"count":1},"2023-30":{"distance_m":40000,"count":6},"2023-29":{"distance_m":47650.2,"count":4},"2023-28":{"distance_m":66543.2,"count":5},"2023-27":{"distance_m":66722.2,"count":5},"2023-26":{"distance_m":68121.5,"count":5},"2023-25":{"distance_m":50689.09999999999,"count":4},"2023-24":{"distance_m":62426.7,"count":4},"2023-23":{"distance_m":64126.8,"count":5},"2023-22":{"distance_m":63580,"count":5},"2023-21":{"distance_m":38265,"count":5},"2023-20":{"distance_m":64988.600000000006,"count":5},"2023-19":{"distance_m":50234.7,"count":4},"2023-18":{"distance_m":56774.600000000006,"count":5},"2023-17":{"distance_m":53328.99999999999,"count":7},"2023-16":{"distance_m":48191.6,"count":4},"2023-15":{"distance_m":50665.50000000001,"count":5},"2023-14":{"distance_m":44421.299999999996,"count":4},"2023-13":{"distance_m":48161.9,"count":4},"2023-12":{"distance_m":54022,"count":5},"2023-11":{"distance_m":47472.399999999994,"count":5},"2023-10":{"distance_m":42182.2,"count":3},"2023-09":{"distance_m":40176.2,"count":3},"2023-08":{"distance_m":43566.3,"count":4},"2023-07":{"distance_m":35758.7,"count":3},"2023-06":{"distance_m":52735,"count":5},"2023-05":{"distance_m":52937.6,"count":6},"2023-04":{"distance_m":43148.7,"count":4},"2023-03":{"distance_m":46423,"count":5},"2023-02":{"distance_m":26362.7,"count":4},"2023-01":{"distance_m":15067.400000000001,"count":2},"2022-52":{"distance_m":27570.2,"count":4},"2022-51":{"distance_m":32739.4,"count":3},"2022-50":{"distance_m":52084,"count":5},"2022-49":{"distance_m":32842.1,"count":4},"2022-48":{"distance_m":33396.7,"count":4},"2022-47":{"distance_m":44320.1,"count":8},"2022-46":{"distance_m":30085.5,"count":3},"2022-45":{"distance_m":33503.799999999996,"count":5},"2022-44":{"distance_m":25247.899999999998,"count":4},"2022-43":{"distance_m":25702.699999999997,"count":4},"2022-42":{"distance_m":45708.7,"count":5},"2022-41":{"distance_m":36560.5,"count":5},"2022-40":{"distance_m":19011.8,"count":3},"2022-39":{"distance_m":33002.2,"count":5},"2022-38":{"distance_m":34496.6,"count":5},"2022-37":{"distance_m":30459.300000000003,"count":6},"2022-36":{"distance_m":37070.6,"count":5},"2022-35":{"distance_m":34029.6,"count":4},"2022-34":{"distance_m":39020.3,"count":6},"2022-33":{"distance_m":34482.9,"count":6},"2022-32":{"distance_m":32694.7,"count":5},"2022-31":{"distance_m":32923.5,"count":4},"2022-30":{"distance_m":32778.5,"count":4},"2022-29":{"distance_m":35797.899999999994,"count":5},"2022-28":{"distance_m":37286.3,"count":4},"2022-27":{"distance_m":26358.9,"count":5},"2022-26":{"distance_m":19138.600000000002,"count":3},"2022-25":{"distance_m":39006.8,"count":7},"2022-24":{"distance_m":41801.2,"count":5},"2022-23":{"distance_m":35037,"count":4},"2022-22":{"distance_m":35238.9,"count":4},"2022-21":{"distance_m":32592.6,"count":4},"2022-20":{"distance_m":6332.9,